mes,dez_percentil,mediana,noventa_percentil
1,19.339999999999996,67.9,89.86
2,20.32,65.2,89.14
3,20.950000000000003,78.7,100
4,27.14,87.1,100
5,27.160000000000004,85.1,102.04000000000002
6,26,83.5,100.88
7,24.880000000000003,81.7,100.32
8,23.68,79.9,99.24000000000001
9,22.36,77.8,96.82000000000001
10,20.92,74,94.12
11,19.62,70.4,91.34
12,19.060000000000002,67.3,89.42
